ID;Área;Tipo;Acción;Resultado esperado;Estado;Resultado observado / evidencia;Evaluador;Fecha
A01;Práctica y contenido;Automática;npm run test:practice;6 pruebas aprobadas;APROBADO;;;
A02;Proveedor y gateway IA;Automática con servicios controlados;npm run test:ai;8 pruebas aprobadas;APROBADO;;;
A03;APIs y lógica;Automática con dobles Auth/Firestore/IA;npm run test:integration;15 pruebas aprobadas;APROBADO;;;
A04;Reglas Firestore;Emulador real;firebase emulators:exec con test:rules;13 pruebas aprobadas;APROBADO;;;
A05;Lint;Automática;npm run lint;0 errores y 0 advertencias;APROBADO;;;
A06;TypeScript;Automática;npm run typecheck y compilación TypeScript;Sin errores;APROBADO;;;
A07;Build;Automática;npm run build;Compilación de producción completa;APROBADO;;;
A08;HTTP sin sesión;Servidor local de producción;Abrir rutas y llamar APIs sin token;5 rutas 200 y 4 APIs 401;APROBADO;;;
M01;Autenticación;Aceptación en instalación del usuario;"Entrar con docente y estudiante; cerrar sesión y volver atrás";"Cada perfil entra a su portal; no vuelve a mostrar información protegida al salir";PENDIENTE;;;
M02;Autenticación;Aceptación en instalación del usuario;Estudiante intenta /teacher y /admin;Redirección a su portal y APIs protegidas;PENDIENTE;;;
M03;Administrador;Aceptación en instalación del usuario;"Entrar con perfil admin activo; otro rol intenta entrar";"Solo admin ve pantalla inicial; no afirmar gestión completa";PENDIENTE;;;
M04;Matrícula;Aceptación en instalación del usuario;Docente matricula un estudiante activo en su sección;Materia disponible solo para el estudiante matriculado;PENDIENTE;;;
M05;Planificación;Aceptación en instalación del usuario;Publicar una clase con explicación, actividad y sección;Clase aparece en el aula y en la selección de práctica;PENDIENTE;;;
M06;Aula;Aceptación en instalación del usuario;Abrir otra materia, recorrer secciones y volver;Contenidos y capítulo corresponden a la materia seleccionada;PENDIENTE;;;
M07;Notas y progreso;Aceptación en instalación del usuario;Guardar nota, marcar clase completada y recargar;Nota y marca se conservan sin mezclarse con otra materia;PENDIENTE;;;
M08;Materiales;Aceptación en instalación del usuario;Publicar una URL HTTPS real y abrirla desde estudiante;Recurso accesible y con título correcto;PENDIENTE;;;
M09;Encuentros;Aceptación en instalación del usuario;Publicar enlace real y fecha futura;"Se muestra en aula y calendario; vacío si no hay próximos";PENDIENTE;;;
M10;Evaluaciones;Aceptación en instalación del usuario;Publicar evaluación con rúbrica para sección A;"Alumno de A ve instrucciones, fechas y criterios; otra sección no";PENDIENTE;;;
M11;Calificación;Aceptación en instalación del usuario;Docente registra una nota borrador y luego la publica;"Borrador no visible; publicada visible solo a su estudiante";PENDIENTE;;;
M12;Asistencia;Aceptación en instalación del usuario;Docente registra asistencia y estudiante revisa;Registros correctos para sus materias;PENDIENTE;;;
M13;Reportes;Aceptación en instalación del usuario;Comparar reporte docente con nota y asistencia registradas;Indicadores corresponden a los datos de prueba creados;PENDIENTE;;;
M14;Examen demo;Aceptación en instalación del usuario;Iniciar, responder dos preguntas y recargar;Respuestas guardadas y tiempo no aumenta;PENDIENTE;;;
M15;Examen demo;Aceptación en instalación del usuario;Entregar dos veces y revisar progreso;Mismo resultado y un solo intento consumido;PENDIENTE;;;
M16;Examen demo;Aceptación en instalación del usuario;Dejar vencer el plazo o suspender pestaña hasta vencimiento;Entrega respuestas guardadas sin permitir escribir fuera de tiempo;PENDIENTE;;;
M17;Práctica IA real;Aceptación en instalación del usuario;Generar y responder dos ejercicios de una clase;"Preguntas válidas y distintas; historial y contadores conservados";PENDIENTE;;;
M18;Tutor de clase;Aceptación en instalación del usuario;Consultar materia y cambiar de clase;Responde usando la clase correcta y muestra IA local;PENDIENTE;;;
M19;Copiloto docente;Aceptación en instalación del usuario;Generar planificación, actividad y rúbrica de materia propia;"Borrador útil y editable; no contiene datos personales";PENDIENTE;;;
M20;Fallo IA;Aceptación en instalación del usuario;Apagar gateway, consultar, reiniciar y volver a intentar;"Mensaje recuperable; vuelve a funcionar sin crear ejercicio incompleto";PENDIENTE;;;
M21;Cupo IA;Aceptación en instalación del usuario;Usar el cupo configurado del perfil de prueba;"Rechazo 429 al alcanzar el cupo; no se consulta otro proveedor";PENDIENTE;;;
M22;Diseño;Aceptación en instalación del usuario;Revisar 390px móvil y 1366px escritorio, teclado y foco;Formularios, rúbrica, capítulos y botones legibles y utilizables;PENDIENTE;;;
M23;Producción;Aceptación en instalación del usuario;Comprobar rollout activo y generar ejercicio por Funnel;Nuevo commit activo y generación desde sitio publicado;PENDIENTE;;;
M24;Sprint Review;Aceptación en instalación del usuario;"Revisión con un docente y estudiante; registrar observaciones";"Casos aprobados con evidencias; incidencias corregidas antes de congelar versión";PENDIENTE;;;
